{
    "id": 76,
    "filename": "073376.mp3",
    "title": "Flashesashes",
    "samplefreq": 22050,
    "sample_points": 8224768,
    "tempo_bpm": 143.5546875,
    "rolloff_freq": 5241.0,
    "tuning": 0.06000000000000005,
    "duration": 373.00535147392293,
    "tonic": "E",
    "key_signature": "E Minor",
    "z_dist_avg_to_tonic": 2.3534998893737793
}