{
    "id": 53,
    "filename": "063993.mp3",
    "title": "The Control Panel (Featuring TD, ChadPiff, Mike Mula, Cappito-No, Axl J Foley, Rich Mahogany & Tone Liv)",
    "samplefreq": 22050,
    "sample_points": 5676167,
    "tempo_bpm": 151.99908088235293,
    "rolloff_freq": 3774.0,
    "tuning": 0.20999999999999996,
    "duration": 257.4225396825397,
    "tonic": "Ab",
    "key_signature": "Ab Minor",
    "z_dist_avg_to_tonic": 2.6110000610351562
}