{
    "id": 41,
    "filename": "046041.mp3",
    "title": "Hum :the bell tolls",
    "samplefreq": 22050,
    "sample_points": 9014976,
    "tempo_bpm": 83.35433467741936,
    "rolloff_freq": 6172.0,
    "tuning": -0.49,
    "duration": 408.84244897959184,
    "tonic": "A",
    "key_signature": "A Major",
    "z_dist_avg_to_tonic": 2.3201000690460205
}