{
    "id": 0,
    "title": "Food",
    "samplefreq": 22050,
    "sample_points": 660984,
    "tempo_bpm": 161.4990234375,
    "rolloff_freq": 7052.0,
    "tuning": 0.06000000000000005,
    "duration": 29.976598639455784,
    "tonic": "C",
    "key_signature": "C Minor",
    "z_dist_avg_to_tonic": 2.683300018310547
}