{
    "id": 27,
    "filename": "031943.mp3",
    "title": "gelisht",
    "samplefreq": 22050,
    "sample_points": 808128,
    "tempo_bpm": 129.19921875,
    "rolloff_freq": 5471.0,
    "tuning": -0.2,
    "duration": 36.649795918367346,
    "tonic": "Bb",
    "key_signature": "Bb Minor",
    "z_dist_avg_to_tonic": 2.6796000003814697
}