{
    "id": 23,
    "filename": "046023.mp3",
    "title": "Killer (Caledonia Lounge, 2011)",
    "samplefreq": 22050,
    "sample_points": 3531138,
    "tempo_bpm": 86.1328125,
    "rolloff_freq": 3263.0,
    "tuning": 0.0,
    "duration": 160.14231292517007,
    "tonic": "B",
    "key_signature": "B Minor",
    "z_dist_avg_to_tonic": 2.4921998977661133
}