,loss,accuracy,val_loss,val_accuracy
0,0.004253507126122713,0.9956530928611755,0.0038461079820990562,0.9961394667625427
