{
    "id": 10,
    "filename": "084996.mp3",
    "title": "Khaf",
    "samplefreq": 22050,
    "sample_points": 3969792,
    "tempo_bpm": 92.28515625,
    "rolloff_freq": 5465.0,
    "tuning": 0.030000000000000027,
    "duration": 180.03591836734694,
    "tonic": "D",
    "key_signature": "D Major",
    "z_dist_avg_to_tonic": 2.6442999839782715
}