{
    "id": 81,
    "filename": "074649.mp3",
    "title": "nothing to forgive(featuring Dyalekt)",
    "samplefreq": 22050,
    "sample_points": 3980736,
    "tempo_bpm": 151.99908088235293,
    "rolloff_freq": 5868.0,
    "tuning": -0.18,
    "duration": 180.53224489795917,
    "tonic": "G",
    "key_signature": "G Minor",
    "z_dist_avg_to_tonic": 1.692199945449829
}