{
    "id": 68,
    "filename": "073022.mp3",
    "title": "06 l'i\u0302le aux trente cercueuils",
    "samplefreq": 22050,
    "sample_points": 3707136,
    "tempo_bpm": 89.10290948275862,
    "rolloff_freq": 4110.0,
    "tuning": -0.020000000000000018,
    "duration": 168.12408163265306,
    "tonic": "E",
    "key_signature": "E Minor",
    "z_dist_avg_to_tonic": 1.9211000204086304
}