{
    "id": 37,
    "filename": "046037.mp3",
    "title": "Steve Loves Lucy",
    "samplefreq": 22050,
    "sample_points": 2704320,
    "tempo_bpm": 129.19921875,
    "rolloff_freq": 6686.0,
    "tuning": -0.02999999999999997,
    "duration": 122.64489795918368,
    "tonic": "F",
    "key_signature": "F Minor",
    "z_dist_avg_to_tonic": 1.5321999788284302
}