{
    "id": 7,
    "filename": "046007.mp3",
    "title": "The Chrome Suicide",
    "samplefreq": 22050,
    "sample_points": 6266304,
    "tempo_bpm": 123.046875,
    "rolloff_freq": 4755.0,
    "tuning": -0.49,
    "duration": 284.1861224489796,
    "tonic": "B",
    "key_signature": "B Minor",
    "z_dist_avg_to_tonic": 1.5225000381469727
}