{
    "id": 40,
    "filename": "033590.mp3",
    "title": "Ringtones (Superhumanoids Remix)",
    "samplefreq": 22050,
    "sample_points": 3087360,
    "tempo_bpm": 129.19921875,
    "rolloff_freq": 6000.0,
    "tuning": 0.15000000000000002,
    "duration": 140.01632653061225,
    "tonic": "Ab",
    "key_signature": "Ab Minor",
    "z_dist_avg_to_tonic": 2.1110000610351562
}