{
    "id": 54,
    "filename": "064043.mp3",
    "title": "Technicolor Universe",
    "samplefreq": 22050,
    "sample_points": 2403648,
    "tempo_bpm": 95.703125,
    "rolloff_freq": 3834.0,
    "tuning": 0.0,
    "duration": 109.00897959183673,
    "tonic": "B",
    "key_signature": "B Minor",
    "z_dist_avg_to_tonic": 1.7037999629974365
}