{
    "id": 18,
    "filename": "046018.mp3",
    "title": "Everything Looks Better In The Sun (Caledonia Lounge, 2011)",
    "samplefreq": 22050,
    "sample_points": 4538957,
    "tempo_bpm": 86.1328125,
    "rolloff_freq": 3418.0,
    "tuning": 0.050000000000000044,
    "duration": 205.84839002267574,
    "tonic": "E",
    "key_signature": "E Minor",
    "z_dist_avg_to_tonic": 1.3151999711990356
}