{
    "id": 33,
    "filename": "046033.mp3",
    "title": "new seriousness",
    "samplefreq": 22050,
    "sample_points": 2078784,
    "tempo_bpm": 89.10290948275862,
    "rolloff_freq": 5673.0,
    "tuning": 0.25,
    "duration": 94.27591836734693,
    "tonic": "G",
    "key_signature": "G Major",
    "z_dist_avg_to_tonic": 1.5799000263214111
}