{
    "id": 9,
    "filename": "084982.mp3",
    "title": "Intro - The Way Of Waking Up (feat. Alan Watts)",
    "samplefreq": 22050,
    "sample_points": 1985074,
    "tempo_bpm": 117.45383522727273,
    "rolloff_freq": 4530.0,
    "tuning": 0.0,
    "duration": 90.02603174603175,
    "tonic": "B",
    "key_signature": "B Minor",
    "z_dist_avg_to_tonic": 1.774399995803833
}