{
    "id": 82,
    "filename": "074685.mp3",
    "title": "Turning Cold",
    "samplefreq": 22050,
    "sample_points": 3309264,
    "tempo_bpm": 78.30255681818181,
    "rolloff_freq": 5680.0,
    "tuning": -0.08999999999999997,
    "duration": 150.08,
    "tonic": "B",
    "key_signature": "B Minor",
    "z_dist_avg_to_tonic": 2.147200107574463
}